mean,std,min,max,range,skewness,kurtosis
-2.9720299899534583e-12,2.077737409227452e-09,-1.05994e-08,1.05309e-08,2.11303e-08,0.020507577745179563,9.243752047338578
4.342243935737902e-12,2.2942728395398217e-09,-1.72805e-08,1.70163e-08,3.42968e-08,-0.010275193320941576,26.734337700386092
-2.972002077257685e-12,2.077658835586925e-09,-1.05992e-08,1.05308e-08,2.1129999999999998e-08,0.020508755495596713,9.244024411662132
-2.9720299899534583e-12,2.077737409227452e-09,-1.05994e-08,1.05309e-08,2.11303e-08,0.020507577745179563,9.243752047338578
4.342243935737902e-12,2.2942728395398217e-09,-1.72805e-08,1.70163e-08,3.42968e-08,-0.010275193320941576,26.734337700386092
-2.972002077257685e-12,2.077658835586925e-09,-1.05992e-08,1.05308e-08,2.1129999999999998e-08,0.020508755495596713,9.244024411662132
-2.9720299899534583e-12,2.077737409227452e-09,-1.05994e-08,1.05309e-08,2.11303e-08,0.020507577745179563,9.243752047338578
4.342243935737902e-12,2.2942728395398217e-09,-1.72805e-08,1.70163e-08,3.42968e-08,-0.010275193320941576,26.734337700386092
-2.972002077257685e-12,2.077658835586925e-09,-1.05992e-08,1.05308e-08,2.1129999999999998e-08,0.020508755495596713,9.244024411662132
-2.9720299899534583e-12,2.077737409227452e-09,-1.05994e-08,1.05309e-08,2.11303e-08,0.020507577745179563,9.243752047338578
4.342243935737902e-12,2.2942728395398217e-09,-1.72805e-08,1.70163e-08,3.42968e-08,-0.010275193320941576,26.734337700386092
-2.972002077257685e-12,2.077658835586925e-09,-1.05992e-08,1.05308e-08,2.1129999999999998e-08,0.020508755495596713,9.244024411662132
-3.3569063232473073e-12,2.079337738597291e-09,-1.05511e-08,1.05367e-08,2.10878e-08,0.021270285106888255,9.287399497691684
3.684359328352686e-12,1.9117284996731167e-09,-1.41741e-08,1.43207e-08,2.84948e-08,-0.003954287261824825,26.207967967574188
-3.4544211788571476e-12,2.079908026672403e-09,-1.05812e-08,1.05766e-08,2.11578e-08,0.02220080526349028,9.38338434889437
-3.3569063232473073e-12,2.079337738597291e-09,-1.05511e-08,1.05367e-08,2.10878e-08,0.021270285106888255,9.287399497691684
3.684359328352686e-12,1.9117284996731167e-09,-1.41741e-08,1.43207e-08,2.84948e-08,-0.003954287261824825,26.207967967574188
-3.4544211788571476e-12,2.079908026672403e-09,-1.05812e-08,1.05766e-08,2.11578e-08,0.02220080526349028,9.38338434889437
-3.3569063232473073e-12,2.079337738597291e-09,-1.05511e-08,1.05367e-08,2.10878e-08,0.021270285106888255,9.287399497691684
3.684359328352686e-12,1.9117284996731167e-09,-1.41741e-08,1.43207e-08,2.84948e-08,-0.003954287261824825,26.207967967574188
-3.4544211788571476e-12,2.079908026672403e-09,-1.05812e-08,1.05766e-08,2.11578e-08,0.02220080526349028,9.38338434889437
-3.3569063232473073e-12,2.079337738597291e-09,-1.05511e-08,1.05367e-08,2.10878e-08,0.021270285106888255,9.287399497691684
3.684359328352686e-12,1.9117284996731167e-09,-1.41741e-08,1.43207e-08,2.84948e-08,-0.003954287261824825,26.207967967574188
-3.4544211788571476e-12,2.079908026672403e-09,-1.05812e-08,1.05766e-08,2.11578e-08,0.02220080526349028,9.38338434889437
-3.3451470575809327e-12,2.0792732451219346e-09,-1.0551e-08,1.05365e-08,2.10875e-08,0.021252847961510744,9.288145598959872
3.690835969791692e-12,1.9150336392978984e-09,-1.42042e-08,1.43599e-08,2.8564100000000002e-08,-0.003986622468513349,26.253449113100388
-2.170114731240988e-12,2.2338975762145964e-09,-1.12192e-08,1.10987e-08,2.23179e-08,0.01761565351790008,9.045764024366425
-3.3451470575809327e-12,2.0792732451219346e-09,-1.0551e-08,1.05365e-08,2.10875e-08,0.021252847961510744,9.288145598959872
3.690835969791692e-12,1.9150336392978984e-09,-1.42042e-08,1.43599e-08,2.8564100000000002e-08,-0.003986622468513349,26.253449113100388
-2.170114731240988e-12,2.2338975762145964e-09,-1.12192e-08,1.10987e-08,2.23179e-08,0.01761565351790008,9.045764024366425
-3.3451470575809327e-12,2.0792732451219346e-09,-1.0551e-08,1.05365e-08,2.10875e-08,0.021252847961510744,9.288145598959872
3.690835969791692e-12,1.9150336392978984e-09,-1.42042e-08,1.43599e-08,2.8564100000000002e-08,-0.003986622468513349,26.253449113100388
-2.170114731240988e-12,2.2338975762145964e-09,-1.12192e-08,1.10987e-08,2.23179e-08,0.01761565351790008,9.045764024366425
-3.3451470575809327e-12,2.0792732451219346e-09,-1.0551e-08,1.05365e-08,2.10875e-08,0.021252847961510744,9.288145598959872
3.690835969791692e-12,1.9150336392978984e-09,-1.42042e-08,1.43599e-08,2.8564100000000002e-08,-0.003986622468513349,26.253449113100388
-2.170114731240988e-12,2.2338975762145964e-09,-1.12192e-08,1.10987e-08,2.23179e-08,0.01761565351790008,9.045764024366425
-3.485938011279681e-12,2.0794848603969657e-09,-1.0581e-08,1.05762e-08,2.11572e-08,0.02223181092917613,9.390466771627567
3.6957039698579036e-12,1.913767811526771e-09,-1.41933e-08,1.43452e-08,2.85385e-08,-0.003973762112705053,26.243392611528947
-3.3653329770577413e-12,2.0794707116319993e-09,-1.05489e-08,1.05339e-08,2.10828e-08,0.021260895617489433,9.27744152517256
-3.485938011279681e-12,2.0794848603969657e-09,-1.0581e-08,1.05762e-08,2.11572e-08,0.02223181092917613,9.390466771627567
3.6957039698579036e-12,1.913767811526771e-09,-1.41933e-08,1.43452e-08,2.85385e-08,-0.003973762112705053,26.243392611528947
-3.3653329770577413e-12,2.0794707116319993e-09,-1.05489e-08,1.05339e-08,2.10828e-08,0.021260895617489433,9.27744152517256
-3.485938011279681e-12,2.0794848603969657e-09,-1.0581e-08,1.05762e-08,2.11572e-08,0.02223181092917613,9.390466771627567
3.6957039698579036e-12,1.913767811526771e-09,-1.41933e-08,1.43452e-08,2.85385e-08,-0.003973762112705053,26.243392611528947
-3.3653329770577413e-12,2.0794707116319993e-09,-1.05489e-08,1.05339e-08,2.10828e-08,0.021260895617489433,9.27744152517256
-3.485938011279681e-12,2.0794848603969657e-09,-1.0581e-08,1.05762e-08,2.11572e-08,0.02223181092917613,9.390466771627567
3.6957039698579036e-12,1.913767811526771e-09,-1.41933e-08,1.43452e-08,2.85385e-08,-0.003973762112705053,26.243392611528947
-3.3653329770577413e-12,2.0794707116319993e-09,-1.05489e-08,1.05339e-08,2.10828e-08,0.021260895617489433,9.27744152517256
-1.435790424273303e-12,2.2040691444582997e-09,-1.09158e-08,1.08651e-08,2.1780900000000003e-08,0.017075786555146036,8.803787600485125
3.785128159842642e-12,1.9129112087877775e-09,-1.41444e-08,1.43558e-08,2.85002e-08,-0.0046375835467412155,26.052645577201762
-3.4942394528158508e-12,2.08832939743976e-09,-1.05197e-08,1.05069e-08,2.10266e-08,0.02131995526359115,9.131266985410273
-1.435790424273303e-12,2.2040691444582997e-09,-1.09158e-08,1.08651e-08,2.1780900000000003e-08,0.017075786555146036,8.803787600485125
3.785128159842642e-12,1.9129112087877775e-09,-1.41444e-08,1.43558e-08,2.85002e-08,-0.0046375835467412155,26.052645577201762
-3.4942394528158508e-12,2.08832939743976e-09,-1.05197e-08,1.05069e-08,2.10266e-08,0.02131995526359115,9.131266985410273
-1.435790424273303e-12,2.2040691444582997e-09,-1.09158e-08,1.08651e-08,2.1780900000000003e-08,0.017075786555146036,8.803787600485125
3.785128159842642e-12,1.9129112087877775e-09,-1.41444e-08,1.43558e-08,2.85002e-08,-0.0046375835467412155,26.052645577201762
-3.4942394528158508e-12,2.08832939743976e-09,-1.05197e-08,1.05069e-08,2.10266e-08,0.02131995526359115,9.131266985410273
-1.435790424273303e-12,2.2040691444582997e-09,-1.09158e-08,1.08651e-08,2.1780900000000003e-08,0.017075786555146036,8.803787600485125
3.785128159842642e-12,1.9129112087877775e-09,-1.41444e-08,1.43558e-08,2.85002e-08,-0.0046375835467412155,26.052645577201762
-3.4942394528158508e-12,2.08832939743976e-09,-1.05197e-08,1.05069e-08,2.10266e-08,0.02131995526359115,9.131266985410273
1.1292292939996926e-12,1.9449102119799614e-09,-8.74377e-09,8.55022e-09,1.729399e-08,-0.047684517247459285,5.793384804912179
-1.7118761588570983e-13,2.016025239833852e-09,-1.49406e-08,1.42771e-08,2.92177e-08,0.05206239301657002,23.436269891823443
1.1279950270553443e-12,1.9448322065913437e-09,-8.74315e-09,8.55001e-09,1.729316e-08,-0.04769438868879982,5.79272621367215
1.1292292939996926e-12,1.9449102119799614e-09,-8.74377e-09,8.55022e-09,1.729399e-08,-0.047684517247459285,5.793384804912179
-1.7118761588570983e-13,2.016025239833852e-09,-1.49406e-08,1.42771e-08,2.92177e-08,0.05206239301657002,23.436269891823443
1.1279950270553443e-12,1.9448322065913437e-09,-8.74315e-09,8.55001e-09,1.729316e-08,-0.04769438868879982,5.79272621367215
1.1292292939996926e-12,1.9449102119799614e-09,-8.74377e-09,8.55022e-09,1.729399e-08,-0.047684517247459285,5.793384804912179
-1.7118761588570983e-13,2.016025239833852e-09,-1.49406e-08,1.42771e-08,2.92177e-08,0.05206239301657002,23.436269891823443
1.1279950270553443e-12,1.9448322065913437e-09,-8.74315e-09,8.55001e-09,1.729316e-08,-0.04769438868879982,5.79272621367215
1.1292292939996926e-12,1.9449102119799614e-09,-8.74377e-09,8.55022e-09,1.729399e-08,-0.047684517247459285,5.793384804912179
-1.7118761588570983e-13,2.016025239833852e-09,-1.49406e-08,1.42771e-08,2.92177e-08,0.05206239301657002,23.436269891823443
1.1279950270553443e-12,1.9448322065913437e-09,-8.74315e-09,8.55001e-09,1.729316e-08,-0.04769438868879982,5.79272621367215
1.243102752256931e-12,1.9087243170119017e-09,-8.83658e-09,8.57024e-09,1.740682e-08,-0.04877787409941625,6.17831425567449
-1.988703566747667e-13,2.000495544554517e-09,-1.44831e-08,1.35564e-08,2.8039499999999998e-08,0.06299169590914548,21.39364822137315
1.8554171135431734e-12,1.9040078241349677e-09,-8.77636e-09,8.55745e-09,1.733381e-08,-0.05127245828107767,6.17890104537336
1.243102752256931e-12,1.9087243170119017e-09,-8.83658e-09,8.57024e-09,1.740682e-08,-0.04877787409941625,6.17831425567449
-1.988703566747667e-13,2.000495544554517e-09,-1.44831e-08,1.35564e-08,2.8039499999999998e-08,0.06299169590914548,21.39364822137315
1.8554171135431734e-12,1.9040078241349677e-09,-8.77636e-09,8.55745e-09,1.733381e-08,-0.05127245828107767,6.17890104537336
1.243102752256931e-12,1.9087243170119017e-09,-8.83658e-09,8.57024e-09,1.740682e-08,-0.04877787409941625,6.17831425567449
-1.988703566747667e-13,2.000495544554517e-09,-1.44831e-08,1.35564e-08,2.8039499999999998e-08,0.06299169590914548,21.39364822137315
1.8554171135431734e-12,1.9040078241349677e-09,-8.77636e-09,8.55745e-09,1.733381e-08,-0.05127245828107767,6.17890104537336
1.243102752256931e-12,1.9087243170119017e-09,-8.83658e-09,8.57024e-09,1.740682e-08,-0.04877787409941625,6.17831425567449
-1.988703566747667e-13,2.000495544554517e-09,-1.44831e-08,1.35564e-08,2.8039499999999998e-08,0.06299169590914548,21.39364822137315
1.8554171135431734e-12,1.9040078241349677e-09,-8.77636e-09,8.55745e-09,1.733381e-08,-0.05127245828107767,6.17890104537336
1.2779309601876285e-12,1.9088469138854383e-09,-8.83533e-09,8.56947e-09,1.74048e-08,-0.04882138224603666,6.176808869818492
-2.2527653466244208e-13,2.010558157260408e-09,-1.45203e-08,1.35961e-08,2.81164e-08,0.06241326562403921,21.208340020707787
-4.1443669412490175e-13,1.9222546403161766e-09,-8.66493e-09,8.87358e-09,1.753851e-08,-0.034134279279697914,6.181360836928059
1.2779309601876285e-12,1.9088469138854383e-09,-8.83533e-09,8.56947e-09,1.74048e-08,-0.04882138224603666,6.176808869818492
-2.2527653466244208e-13,2.010558157260408e-09,-1.45203e-08,1.35961e-08,2.81164e-08,0.06241326562403921,21.208340020707787
-4.1443669412490175e-13,1.9222546403161766e-09,-8.66493e-09,8.87358e-09,1.753851e-08,-0.034134279279697914,6.181360836928059
1.2779309601876285e-12,1.9088469138854383e-09,-8.83533e-09,8.56947e-09,1.74048e-08,-0.04882138224603666,6.176808869818492
-2.2527653466244208e-13,2.010558157260408e-09,-1.45203e-08,1.35961e-08,2.81164e-08,0.06241326562403921,21.208340020707787
-4.1443669412490175e-13,1.9222546403161766e-09,-8.66493e-09,8.87358e-09,1.753851e-08,-0.034134279279697914,6.181360836928059
1.2779309601876285e-12,1.9088469138854383e-09,-8.83533e-09,8.56947e-09,1.74048e-08,-0.04882138224603666,6.176808869818492
-2.2527653466244208e-13,2.010558157260408e-09,-1.45203e-08,1.35961e-08,2.81164e-08,0.06241326562403921,21.208340020707787
-4.1443669412490175e-13,1.9222546403161766e-09,-8.66493e-09,8.87358e-09,1.753851e-08,-0.034134279279697914,6.181360836928059
2.2058114605841607e-12,1.9035674131117804e-09,-8.77677e-09,8.55579e-09,1.733256e-08,-0.05188927635627982,6.184322704016825
-1.7885689506677723e-13,2.00655418465156e-09,-1.45001e-08,1.3575e-08,2.80751e-08,0.06253134748238556,21.24569657715331
1.2381182944428763e-12,1.906189771905671e-09,-8.83703e-09,8.56995e-09,1.740698e-08,-0.04914635653381403,6.184590986330203
2.2058114605841607e-12,1.9035674131117804e-09,-8.77677e-09,8.55579e-09,1.733256e-08,-0.05188927635627982,6.184322704016825
-1.7885689506677723e-13,2.00655418465156e-09,-1.45001e-08,1.3575e-08,2.80751e-08,0.06253134748238556,21.24569657715331
1.2381182944428763e-12,1.906189771905671e-09,-8.83703e-09,8.56995e-09,1.740698e-08,-0.04914635653381403,6.184590986330203
2.2058114605841607e-12,1.9035674131117804e-09,-8.77677e-09,8.55579e-09,1.733256e-08,-0.05188927635627982,6.184322704016825
-1.7885689506677723e-13,2.00655418465156e-09,-1.45001e-08,1.3575e-08,2.80751e-08,0.06253134748238556,21.24569657715331
1.2381182944428763e-12,1.906189771905671e-09,-8.83703e-09,8.56995e-09,1.740698e-08,-0.04914635653381403,6.184590986330203
2.2058114605841607e-12,1.9035674131117804e-09,-8.77677e-09,8.55579e-09,1.733256e-08,-0.05188927635627982,6.184322704016825
-1.7885689506677723e-13,2.00655418465156e-09,-1.45001e-08,1.3575e-08,2.80751e-08,0.06253134748238556,21.24569657715331
1.2381182944428763e-12,1.906189771905671e-09,-8.83703e-09,8.56995e-09,1.740698e-08,-0.04914635653381403,6.184590986330203
5.914788226418527e-14,1.9406484903048016e-09,-8.65667e-09,8.86469e-09,1.752136e-08,-0.0374049303678444,6.271631567789525
-2.1171559382100093e-13,2.035057690421818e-09,-1.4551e-08,1.36273e-08,2.81783e-08,0.06060988005129858,20.485359239973747
1.3291152552525967e-12,1.8678169254179823e-09,-8.85234e-09,8.58605e-09,1.743839e-08,-0.055803012329173896,6.362459501530065
5.914788226418527e-14,1.9406484903048016e-09,-8.65667e-09,8.86469e-09,1.752136e-08,-0.0374049303678444,6.271631567789525
-2.1171559382100093e-13,2.035057690421818e-09,-1.4551e-08,1.36273e-08,2.81783e-08,0.06060988005129858,20.485359239973747
1.3291152552525967e-12,1.8678169254179823e-09,-8.85234e-09,8.58605e-09,1.743839e-08,-0.055803012329173896,6.362459501530065
5.914788226418527e-14,1.9406484903048016e-09,-8.65667e-09,8.86469e-09,1.752136e-08,-0.0374049303678444,6.271631567789525
-2.1171559382100093e-13,2.035057690421818e-09,-1.4551e-08,1.36273e-08,2.81783e-08,0.06060988005129858,20.485359239973747
1.3291152552525967e-12,1.8678169254179823e-09,-8.85234e-09,8.58605e-09,1.743839e-08,-0.055803012329173896,6.362459501530065
5.914788226418527e-14,1.9406484903048016e-09,-8.65667e-09,8.86469e-09,1.752136e-08,-0.0374049303678444,6.271631567789525
-2.1171559382100093e-13,2.035057690421818e-09,-1.4551e-08,1.36273e-08,2.81783e-08,0.06060988005129858,20.485359239973747
1.3291152552525967e-12,1.8678169254179823e-09,-8.85234e-09,8.58605e-09,1.743839e-08,-0.055803012329173896,6.362459501530065
-7.984341776791667e-13,2.111704394495288e-09,-1.05082e-08,1.10788e-08,2.1587e-08,-0.018275891993503712,7.386333475515356
-5.413984361944962e-12,2.3234722616424082e-09,-1.49997e-08,1.62223e-08,3.1222e-08,-0.07123875300923177,18.313186740838226
-8.001493378127153e-13,2.1118328019577374e-09,-1.0508e-08,1.10785e-08,2.15865e-08,-0.018277365742165673,7.3844429950972525
-7.984341776791667e-13,2.111704394495288e-09,-1.05082e-08,1.10788e-08,2.1587e-08,-0.018275891993503712,7.386333475515356
-5.413984361944962e-12,2.3234722616424082e-09,-1.49997e-08,1.62223e-08,3.1222e-08,-0.07123875300923177,18.313186740838226
-8.001493378127153e-13,2.1118328019577374e-09,-1.0508e-08,1.10785e-08,2.15865e-08,-0.018277365742165673,7.3844429950972525
-7.984341776791667e-13,2.111704394495288e-09,-1.05082e-08,1.10788e-08,2.1587e-08,-0.018275891993503712,7.386333475515356
-5.413984361944962e-12,2.3234722616424082e-09,-1.49997e-08,1.62223e-08,3.1222e-08,-0.07123875300923177,18.313186740838226
-8.001493378127153e-13,2.1118328019577374e-09,-1.0508e-08,1.10785e-08,2.15865e-08,-0.018277365742165673,7.3844429950972525
-7.984341776791667e-13,2.111704394495288e-09,-1.05082e-08,1.10788e-08,2.1587e-08,-0.018275891993503712,7.386333475515356
-5.413984361944962e-12,2.3234722616424082e-09,-1.49997e-08,1.62223e-08,3.1222e-08,-0.07123875300923177,18.313186740838226
-8.001493378127153e-13,2.1118328019577374e-09,-1.0508e-08,1.10785e-08,2.15865e-08,-0.018277365742165673,7.3844429950972525
-1.3383510589698842e-13,2.1495509450641498e-09,-1.04666e-08,1.0955e-08,2.14216e-08,-0.01318746601385858,6.370957506964908
-3.723273223339983e-12,2.3121141391365765e-09,-1.47652e-08,1.62155e-08,3.09807e-08,-0.0750764980193109,18.945075638365548
1.1102276034738066e-12,2.1841210485977175e-09,-1.04879e-08,1.09783e-08,2.14662e-08,-0.013630634044234055,6.671889665338293
-1.3383510589698842e-13,2.1495509450641498e-09,-1.04666e-08,1.0955e-08,2.14216e-08,-0.01318746601385858,6.370957506964908
-3.723273223339983e-12,2.3121141391365765e-09,-1.47652e-08,1.62155e-08,3.09807e-08,-0.0750764980193109,18.945075638365548
1.1102276034738066e-12,2.1841210485977175e-09,-1.04879e-08,1.09783e-08,2.14662e-08,-0.013630634044234055,6.671889665338293
-1.3383510589698842e-13,2.1495509450641498e-09,-1.04666e-08,1.0955e-08,2.14216e-08,-0.01318746601385858,6.370957506964908
-3.723273223339983e-12,2.3121141391365765e-09,-1.47652e-08,1.62155e-08,3.09807e-08,-0.0750764980193109,18.945075638365548
1.1102276034738066e-12,2.1841210485977175e-09,-1.04879e-08,1.09783e-08,2.14662e-08,-0.013630634044234055,6.671889665338293
-1.3383510589698842e-13,2.1495509450641498e-09,-1.04666e-08,1.0955e-08,2.14216e-08,-0.01318746601385858,6.370957506964908
-3.723273223339983e-12,2.3121141391365765e-09,-1.47652e-08,1.62155e-08,3.09807e-08,-0.0750764980193109,18.945075638365548
1.1102276034738066e-12,2.1841210485977175e-09,-1.04879e-08,1.09783e-08,2.14662e-08,-0.013630634044234055,6.671889665338293
-1.2600250452341418e-13,2.1504920340022764e-09,-1.04666e-08,1.0955e-08,2.14216e-08,-0.012845156281709978,6.361692895732293
-3.5270211355282017e-12,2.3166644704960288e-09,-1.47564e-08,1.6217e-08,3.09734e-08,-0.0749370129379558,18.826035203783096
-1.6773065736997317e-12,2.1877091458031414e-09,-1.01846e-08,1.00898e-08,2.0274400000000002e-08,0.012824803855645798,6.376251273814189
-1.2600250452341418e-13,2.1504920340022764e-09,-1.04666e-08,1.0955e-08,2.14216e-08,-0.012845156281709978,6.361692895732293
-3.5270211355282017e-12,2.3166644704960288e-09,-1.47564e-08,1.6217e-08,3.09734e-08,-0.0749370129379558,18.826035203783096
-1.6773065736997317e-12,2.1877091458031414e-09,-1.01846e-08,1.00898e-08,2.0274400000000002e-08,0.012824803855645798,6.376251273814189
-1.2600250452341418e-13,2.1504920340022764e-09,-1.04666e-08,1.0955e-08,2.14216e-08,-0.012845156281709978,6.361692895732293
-3.5270211355282017e-12,2.3166644704960288e-09,-1.47564e-08,1.6217e-08,3.09734e-08,-0.0749370129379558,18.826035203783096
-1.6773065736997317e-12,2.1877091458031414e-09,-1.01846e-08,1.00898e-08,2.0274400000000002e-08,0.012824803855645798,6.376251273814189
-1.2600250452341418e-13,2.1504920340022764e-09,-1.04666e-08,1.0955e-08,2.14216e-08,-0.012845156281709978,6.361692895732293
-3.5270211355282017e-12,2.3166644704960288e-09,-1.47564e-08,1.6217e-08,3.09734e-08,-0.0749370129379558,18.826035203783096
-1.6773065736997317e-12,2.1877091458031414e-09,-1.01846e-08,1.00898e-08,2.0274400000000002e-08,0.012824803855645798,6.376251273814189
1.4228669553565218e-12,2.1766073522626566e-09,-1.04879e-08,1.09784e-08,2.1466299999999998e-08,-0.012891027130185844,6.691660550234966
-3.83279431546825e-12,2.3100012620084635e-09,-1.4762e-08,1.62014e-08,3.09634e-08,-0.07492509675506692,18.937263762842647
4.012191024022846e-15,2.151216391385093e-09,-1.04662e-08,1.09548e-08,2.1421e-08,-0.01276353906418853,6.357901477353895
1.4228669553565218e-12,2.1766073522626566e-09,-1.04879e-08,1.09784e-08,2.1466299999999998e-08,-0.012891027130185844,6.691660550234966
-3.83279431546825e-12,2.3100012620084635e-09,-1.4762e-08,1.62014e-08,3.09634e-08,-0.07492509675506692,18.937263762842647
4.012191024022846e-15,2.151216391385093e-09,-1.04662e-08,1.09548e-08,2.1421e-08,-0.01276353906418853,6.357901477353895
1.4228669553565218e-12,2.1766073522626566e-09,-1.04879e-08,1.09784e-08,2.1466299999999998e-08,-0.012891027130185844,6.691660550234966
-3.83279431546825e-12,2.3100012620084635e-09,-1.4762e-08,1.62014e-08,3.09634e-08,-0.07492509675506692,18.937263762842647
4.012191024022846e-15,2.151216391385093e-09,-1.04662e-08,1.09548e-08,2.1421e-08,-0.01276353906418853,6.357901477353895
1.4228669553565218e-12,2.1766073522626566e-09,-1.04879e-08,1.09784e-08,2.1466299999999998e-08,-0.012891027130185844,6.691660550234966
-3.83279431546825e-12,2.3100012620084635e-09,-1.4762e-08,1.62014e-08,3.09634e-08,-0.07492509675506692,18.937263762842647
4.012191024022846e-15,2.151216391385093e-09,-1.04662e-08,1.09548e-08,2.1421e-08,-0.01276353906418853,6.357901477353895
-2.7646746651840093e-12,2.109797440464404e-09,-1.02352e-08,1.00693e-08,2.03045e-08,0.01577287032386151,6.859368595290002
-3.85505811342294e-12,2.3208695603946278e-09,-1.47665e-08,1.61844e-08,3.09509e-08,-0.07372846599671798,18.53186059946145
2.935454142772858e-14,2.201290747849331e-09,-1.04647e-08,1.09538e-08,2.14185e-08,-0.009340549347958648,6.0596033155017075
-2.7646746651840093e-12,2.109797440464404e-09,-1.02352e-08,1.00693e-08,2.03045e-08,0.01577287032386151,6.859368595290002
-3.85505811342294e-12,2.3208695603946278e-09,-1.47665e-08,1.61844e-08,3.09509e-08,-0.07372846599671798,18.53186059946145
2.935454142772858e-14,2.201290747849331e-09,-1.04647e-08,1.09538e-08,2.14185e-08,-0.009340549347958648,6.0596033155017075
-2.7646746651840093e-12,2.109797440464404e-09,-1.02352e-08,1.00693e-08,2.03045e-08,0.01577287032386151,6.859368595290002
-3.85505811342294e-12,2.3208695603946278e-09,-1.47665e-08,1.61844e-08,3.09509e-08,-0.07372846599671798,18.53186059946145
2.935454142772858e-14,2.201290747849331e-09,-1.04647e-08,1.09538e-08,2.14185e-08,-0.009340549347958648,6.0596033155017075
-2.7646746651840093e-12,2.109797440464404e-09,-1.02352e-08,1.00693e-08,2.03045e-08,0.01577287032386151,6.859368595290002
-3.85505811342294e-12,2.3208695603946278e-09,-1.47665e-08,1.61844e-08,3.09509e-08,-0.07372846599671798,18.53186059946145
2.935454142772858e-14,2.201290747849331e-09,-1.04647e-08,1.09538e-08,2.14185e-08,-0.009340549347958648,6.0596033155017075
-4.11942608395068e-12,2.307129721066538e-09,-1.04494e-08,1.04413e-08,2.0890700000000002e-08,0.02125998052405097,6.819406406708506
6.027374626966035e-12,2.740781296753955e-09,-1.8693e-08,1.80271e-08,3.67201e-08,-0.011119079580906854,21.329997141216126
-4.115780696646461e-12,2.3076055297219286e-09,-1.04499e-08,1.04417e-08,2.08916e-08,0.0212631455194916,6.819171033539535
-4.11942608395068e-12,2.307129721066538e-09,-1.04494e-08,1.04413e-08,2.0890700000000002e-08,0.02125998052405097,6.819406406708506
6.027374626966035e-12,2.740781296753955e-09,-1.8693e-08,1.80271e-08,3.67201e-08,-0.011119079580906854,21.329997141216126
-4.115780696646461e-12,2.3076055297219286e-09,-1.04499e-08,1.04417e-08,2.08916e-08,0.0212631455194916,6.819171033539535
-4.11942608395068e-12,2.307129721066538e-09,-1.04494e-08,1.04413e-08,2.0890700000000002e-08,0.02125998052405097,6.819406406708506
6.027374626966035e-12,2.740781296753955e-09,-1.8693e-08,1.80271e-08,3.67201e-08,-0.011119079580906854,21.329997141216126
-4.115780696646461e-12,2.3076055297219286e-09,-1.04499e-08,1.04417e-08,2.08916e-08,0.0212631455194916,6.819171033539535
-4.11942608395068e-12,2.307129721066538e-09,-1.04494e-08,1.04413e-08,2.0890700000000002e-08,0.02125998052405097,6.819406406708506
6.027374626966035e-12,2.740781296753955e-09,-1.8693e-08,1.80271e-08,3.67201e-08,-0.011119079580906854,21.329997141216126
-4.115780696646461e-12,2.3076055297219286e-09,-1.04499e-08,1.04417e-08,2.08916e-08,0.0212631455194916,6.819171033539535
-5.081244921182271e-12,2.3086852872199937e-09,-1.04831e-08,1.04696e-08,2.09527e-08,0.022191166386328898,6.819355597014921
3.5749935275233168e-12,1.924530731671019e-09,-1.26806e-08,1.27946e-08,2.54752e-08,-9.36639213755139e-05,19.956311178926136
-3.4243287781193037e-12,2.3196881007605683e-09,-1.05291e-08,1.05165e-08,2.10456e-08,0.01957401725724769,6.799495443925004
-5.081244921182271e-12,2.3086852872199937e-09,-1.04831e-08,1.04696e-08,2.09527e-08,0.022191166386328898,6.819355597014921
3.5749935275233168e-12,1.924530731671019e-09,-1.26806e-08,1.27946e-08,2.54752e-08,-9.36639213755139e-05,19.956311178926136
-3.4243287781193037e-12,2.3196881007605683e-09,-1.05291e-08,1.05165e-08,2.10456e-08,0.01957401725724769,6.799495443925004
-5.081244921182271e-12,2.3086852872199937e-09,-1.04831e-08,1.04696e-08,2.09527e-08,0.022191166386328898,6.819355597014921
3.5749935275233168e-12,1.924530731671019e-09,-1.26806e-08,1.27946e-08,2.54752e-08,-9.36639213755139e-05,19.956311178926136
-3.4243287781193037e-12,2.3196881007605683e-09,-1.05291e-08,1.05165e-08,2.10456e-08,0.01957401725724769,6.799495443925004
-5.081244921182271e-12,2.3086852872199937e-09,-1.04831e-08,1.04696e-08,2.09527e-08,0.022191166386328898,6.819355597014921
3.5749935275233168e-12,1.924530731671019e-09,-1.26806e-08,1.27946e-08,2.54752e-08,-9.36639213755139e-05,19.956311178926136
-3.4243287781193037e-12,2.3196881007605683e-09,-1.05291e-08,1.05165e-08,2.10456e-08,0.01957401725724769,6.799495443925004
-5.0992235465289666e-12,2.3087434182909795e-09,-1.04823e-08,1.04688e-08,2.09511e-08,0.022220356104900637,6.817096128467616
3.568318005503835e-12,1.92654765127557e-09,-1.2694e-08,1.28045e-08,2.54985e-08,-5.0077020386195094e-05,19.949774182096494
-6.556985689851647e-12,2.235103735631161e-09,-1.08926e-08,1.05562e-08,2.1448799999999998e-08,0.020919284569195076,7.652055060023704
-5.0992235465289666e-12,2.3087434182909795e-09,-1.04823e-08,1.04688e-08,2.09511e-08,0.022220356104900637,6.817096128467616
3.568318005503835e-12,1.92654765127557e-09,-1.2694e-08,1.28045e-08,2.54985e-08,-5.0077020386195094e-05,19.949774182096494
-6.556985689851647e-12,2.235103735631161e-09,-1.08926e-08,1.05562e-08,2.1448799999999998e-08,0.020919284569195076,7.652055060023704
-5.0992235465289666e-12,2.3087434182909795e-09,-1.04823e-08,1.04688e-08,2.09511e-08,0.022220356104900637,6.817096128467616
3.568318005503835e-12,1.92654765127557e-09,-1.2694e-08,1.28045e-08,2.54985e-08,-5.0077020386195094e-05,19.949774182096494
-6.556985689851647e-12,2.235103735631161e-09,-1.08926e-08,1.05562e-08,2.1448799999999998e-08,0.020919284569195076,7.652055060023704
-5.0992235465289666e-12,2.3087434182909795e-09,-1.04823e-08,1.04688e-08,2.09511e-08,0.022220356104900637,6.817096128467616
3.568318005503835e-12,1.92654765127557e-09,-1.2694e-08,1.28045e-08,2.54985e-08,-5.0077020386195094e-05,19.949774182096494
-6.556985689851647e-12,2.235103735631161e-09,-1.08926e-08,1.05562e-08,2.1448799999999998e-08,0.020919284569195076,7.652055060023704
-3.4402609837174217e-12,2.3196226216055654e-09,-1.05295e-08,1.05164e-08,2.10459e-08,0.019573914800450027,6.801614986914984
3.5839293657105934e-12,1.928621959109231e-09,-1.27078e-08,1.28229e-08,2.55307e-08,-0.00018857798717807452,19.955909933965106
-5.082644645863376e-12,2.308142108156179e-09,-1.0483e-08,1.04682e-08,2.09512e-08,0.02220197377622938,6.821461589149461
-3.4402609837174217e-12,2.3196226216055654e-09,-1.05295e-08,1.05164e-08,2.10459e-08,0.019573914800450027,6.801614986914984
3.5839293657105934e-12,1.928621959109231e-09,-1.27078e-08,1.28229e-08,2.55307e-08,-0.00018857798717807452,19.955909933965106
-5.082644645863376e-12,2.308142108156179e-09,-1.0483e-08,1.04682e-08,2.09512e-08,0.02220197377622938,6.821461589149461
-3.4402609837174217e-12,2.3196226216055654e-09,-1.05295e-08,1.05164e-08,2.10459e-08,0.019573914800450027,6.801614986914984
3.5839293657105934e-12,1.928621959109231e-09,-1.27078e-08,1.28229e-08,2.55307e-08,-0.00018857798717807452,19.955909933965106
-5.082644645863376e-12,2.308142108156179e-09,-1.0483e-08,1.04682e-08,2.09512e-08,0.02220197377622938,6.821461589149461
-3.4402609837174217e-12,2.3196226216055654e-09,-1.05295e-08,1.05164e-08,2.10459e-08,0.019573914800450027,6.801614986914984
3.5839293657105934e-12,1.928621959109231e-09,-1.27078e-08,1.28229e-08,2.55307e-08,-0.00018857798717807452,19.955909933965106
-5.082644645863376e-12,2.308142108156179e-09,-1.0483e-08,1.04682e-08,2.09512e-08,0.02220197377622938,6.821461589149461
-6.5567016317709994e-12,2.235107111685578e-09,-1.08926e-08,1.05562e-08,2.1448799999999998e-08,0.020920166158116992,7.652084633024964
3.5682355334749702e-12,1.926551414809765e-09,-1.2694e-08,1.28045e-08,2.54985e-08,-5.184725459390194e-05,19.949674284412705
-5.099367454759551e-12,2.308759229831498e-09,-1.04823e-08,1.04688e-08,2.09511e-08,0.022218462157757177,6.816998801666621
-6.5567016317709994e-12,2.235107111685578e-09,-1.08926e-08,1.05562e-08,2.1448799999999998e-08,0.020920166158116992,7.652084633024964
3.5682355334749702e-12,1.926551414809765e-09,-1.2694e-08,1.28045e-08,2.54985e-08,-5.184725459390194e-05,19.949674284412705
-5.099367454759551e-12,2.308759229831498e-09,-1.04823e-08,1.04688e-08,2.09511e-08,0.022218462157757177,6.816998801666621
-6.5567016317709994e-12,2.235107111685578e-09,-1.08926e-08,1.05562e-08,2.1448799999999998e-08,0.020920166158116992,7.652084633024964
3.5682355334749702e-12,1.926551414809765e-09,-1.2694e-08,1.28045e-08,2.54985e-08,-5.184725459390194e-05,19.949674284412705
-5.099367454759551e-12,2.308759229831498e-09,-1.04823e-08,1.04688e-08,2.09511e-08,0.022218462157757177,6.816998801666621
-6.5567016317709994e-12,2.235107111685578e-09,-1.08926e-08,1.05562e-08,2.1448799999999998e-08,0.020920166158116992,7.652084633024964
3.5682355334749702e-12,1.926551414809765e-09,-1.2694e-08,1.28045e-08,2.54985e-08,-5.184725459390194e-05,19.949674284412705
-5.099367454759551e-12,2.308759229831498e-09,-1.04823e-08,1.04688e-08,2.09511e-08,0.022218462157757177,6.816998801666621
1.7612613933448387e-12,2.101254678223482e-09,-8.64059e-09,8.48154e-09,1.712213e-08,-0.04767687740104026,4.249420168564017
-1.782382947960369e-13,2.3515317553014355e-09,-1.60517e-08,1.49039e-08,3.09556e-08,0.04562557770199229,20.132828184643042
1.7639186039746206e-12,2.1019310132104573e-09,-8.64316e-09,8.48196e-09,1.712512e-08,-0.04761333263592178,4.245190116665749
1.7612613933448387e-12,2.101254678223482e-09,-8.64059e-09,8.48154e-09,1.712213e-08,-0.04767687740104026,4.249420168564017
-1.782382947960369e-13,2.3515317553014355e-09,-1.60517e-08,1.49039e-08,3.09556e-08,0.04562557770199229,20.132828184643042
1.7639186039746206e-12,2.1019310132104573e-09,-8.64316e-09,8.48196e-09,1.712512e-08,-0.04761333263592178,4.245190116665749
1.7612613933448387e-12,2.101254678223482e-09,-8.64059e-09,8.48154e-09,1.712213e-08,-0.04767687740104026,4.249420168564017
-1.782382947960369e-13,2.3515317553014355e-09,-1.60517e-08,1.49039e-08,3.09556e-08,0.04562557770199229,20.132828184643042
1.7639186039746206e-12,2.1019310132104573e-09,-8.64316e-09,8.48196e-09,1.712512e-08,-0.04761333263592178,4.245190116665749
1.7612613933448387e-12,2.101254678223482e-09,-8.64059e-09,8.48154e-09,1.712213e-08,-0.04767687740104026,4.249420168564017
-1.782382947960369e-13,2.3515317553014355e-09,-1.60517e-08,1.49039e-08,3.09556e-08,0.04562557770199229,20.132828184643042
1.7639186039746206e-12,2.1019310132104573e-09,-8.64316e-09,8.48196e-09,1.712512e-08,-0.04761333263592178,4.245190116665749
1.5129848260006135e-12,2.215839791082198e-09,-8.57673e-09,8.51616e-09,1.7092889999999998e-08,-0.03024063731651477,3.919894160225282
-3.4891204247217114e-13,2.074554061674387e-09,-1.30454e-08,1.21411e-08,2.51865e-08,0.06026534534312155,15.013072714162206
-3.1438716658021068e-12,2.1281055725172768e-09,-8.75621e-09,8.49935e-09,1.7255559999999998e-08,-0.03641783759771676,4.2911653769899765
1.5129848260006135e-12,2.215839791082198e-09,-8.57673e-09,8.51616e-09,1.7092889999999998e-08,-0.03024063731651477,3.919894160225282
-3.4891204247217114e-13,2.074554061674387e-09,-1.30454e-08,1.21411e-08,2.51865e-08,0.06026534534312155,15.013072714162206
-3.1438716658021068e-12,2.1281055725172768e-09,-8.75621e-09,8.49935e-09,1.7255559999999998e-08,-0.03641783759771676,4.2911653769899765
1.5129848260006135e-12,2.215839791082198e-09,-8.57673e-09,8.51616e-09,1.7092889999999998e-08,-0.03024063731651477,3.919894160225282
-3.4891204247217114e-13,2.074554061674387e-09,-1.30454e-08,1.21411e-08,2.51865e-08,0.06026534534312155,15.013072714162206
-3.1438716658021068e-12,2.1281055725172768e-09,-8.75621e-09,8.49935e-09,1.7255559999999998e-08,-0.03641783759771676,4.2911653769899765
1.5129848260006135e-12,2.215839791082198e-09,-8.57673e-09,8.51616e-09,1.7092889999999998e-08,-0.03024063731651477,3.919894160225282
-3.4891204247217114e-13,2.074554061674387e-09,-1.30454e-08,1.21411e-08,2.51865e-08,0.06026534534312155,15.013072714162206
-3.1438716658021068e-12,2.1281055725172768e-09,-8.75621e-09,8.49935e-09,1.7255559999999998e-08,-0.03641783759771676,4.2911653769899765
1.5031678253341728e-12,2.2148682695963588e-09,-8.58026e-09,8.50376e-09,1.708402e-08,-0.03036410227946408,3.920904514789359
-3.440667610025473e-13,2.0751188973374456e-09,-1.30577e-08,1.21478e-08,2.52055e-08,0.060379018135001745,15.039022555456317
-2.8280684741820472e-12,2.2606437838266596e-09,-9.56719e-09,9.19489e-09,1.876208e-08,-0.038747416396374156,4.1398095554571945
1.5031678253341728e-12,2.2148682695963588e-09,-8.58026e-09,8.50376e-09,1.708402e-08,-0.03036410227946408,3.920904514789359
-3.440667610025473e-13,2.0751188973374456e-09,-1.30577e-08,1.21478e-08,2.52055e-08,0.060379018135001745,15.039022555456317
-2.8280684741820472e-12,2.2606437838266596e-09,-9.56719e-09,9.19489e-09,1.876208e-08,-0.038747416396374156,4.1398095554571945
1.5031678253341728e-12,2.2148682695963588e-09,-8.58026e-09,8.50376e-09,1.708402e-08,-0.03036410227946408,3.920904514789359
-3.440667610025473e-13,2.0751188973374456e-09,-1.30577e-08,1.21478e-08,2.52055e-08,0.060379018135001745,15.039022555456317
-2.8280684741820472e-12,2.2606437838266596e-09,-9.56719e-09,9.19489e-09,1.876208e-08,-0.038747416396374156,4.1398095554571945
1.5031678253341728e-12,2.2148682695963588e-09,-8.58026e-09,8.50376e-09,1.708402e-08,-0.03036410227946408,3.920904514789359
-3.440667610025473e-13,2.0751188973374456e-09,-1.30577e-08,1.21478e-08,2.52055e-08,0.060379018135001745,15.039022555456317
-2.8280684741820472e-12,2.2606437838266596e-09,-9.56719e-09,9.19489e-09,1.876208e-08,-0.038747416396374156,4.1398095554571945
-3.133686530480562e-12,2.128087742591127e-09,-8.75539e-09,8.49864e-09,1.725403e-08,-0.036442324117367565,4.291019187550029
-3.422585931321918e-13,2.075774372160652e-09,-1.30616e-08,1.21572e-08,2.5218799999999998e-08,0.06022263892269494,15.043946076291004
1.51597324619388e-12,2.21579713659809e-09,-8.58137e-09,8.51054e-09,1.709191e-08,-0.030306777326881994,3.9207852452523486
-3.133686530480562e-12,2.128087742591127e-09,-8.75539e-09,8.49864e-09,1.725403e-08,-0.036442324117367565,4.291019187550029
-3.422585931321918e-13,2.075774372160652e-09,-1.30616e-08,1.21572e-08,2.5218799999999998e-08,0.06022263892269494,15.043946076291004
1.51597324619388e-12,2.21579713659809e-09,-8.58137e-09,8.51054e-09,1.709191e-08,-0.030306777326881994,3.9207852452523486
-3.133686530480562e-12,2.128087742591127e-09,-8.75539e-09,8.49864e-09,1.725403e-08,-0.036442324117367565,4.291019187550029
-3.422585931321918e-13,2.075774372160652e-09,-1.30616e-08,1.21572e-08,2.5218799999999998e-08,0.06022263892269494,15.043946076291004
1.51597324619388e-12,2.21579713659809e-09,-8.58137e-09,8.51054e-09,1.709191e-08,-0.030306777326881994,3.9207852452523486
-3.133686530480562e-12,2.128087742591127e-09,-8.75539e-09,8.49864e-09,1.725403e-08,-0.036442324117367565,4.291019187550029
-3.422585931321918e-13,2.075774372160652e-09,-1.30616e-08,1.21572e-08,2.5218799999999998e-08,0.06022263892269494,15.043946076291004
1.51597324619388e-12,2.21579713659809e-09,-8.58137e-09,8.51054e-09,1.709191e-08,-0.030306777326881994,3.9207852452523486
-2.828183277172138e-12,2.260649330077926e-09,-9.56713e-09,9.19482e-09,1.876195e-08,-0.0387464722250644,4.1397559414390885
-3.441041604027555e-13,2.0751077761433034e-09,-1.30576e-08,1.21478e-08,2.52054e-08,0.06038260587946223,15.039009784429236
1.5033026350642697e-12,2.2148251436626823e-09,-8.58013e-09,8.50338e-09,1.708351e-08,-0.03036568790829462,3.9208937697228627
-2.828183277172138e-12,2.260649330077926e-09,-9.56713e-09,9.19482e-09,1.876195e-08,-0.0387464722250644,4.1397559414390885
-3.441041604027555e-13,2.0751077761433034e-09,-1.30576e-08,1.21478e-08,2.52054e-08,0.06038260587946223,15.039009784429236
1.5033026350642697e-12,2.2148251436626823e-09,-8.58013e-09,8.50338e-09,1.708351e-08,-0.03036568790829462,3.9208937697228627
-2.828183277172138e-12,2.260649330077926e-09,-9.56713e-09,9.19482e-09,1.876195e-08,-0.0387464722250644,4.1397559414390885
-3.441041604027555e-13,2.0751077761433034e-09,-1.30576e-08,1.21478e-08,2.52054e-08,0.06038260587946223,15.039009784429236
1.5033026350642697e-12,2.2148251436626823e-09,-8.58013e-09,8.50338e-09,1.708351e-08,-0.03036568790829462,3.9208937697228627
-2.828183277172138e-12,2.260649330077926e-09,-9.56713e-09,9.19482e-09,1.876195e-08,-0.0387464722250644,4.1397559414390885
-3.441041604027555e-13,2.0751077761433034e-09,-1.30576e-08,1.21478e-08,2.52054e-08,0.06038260587946223,15.039009784429236
1.5033026350642697e-12,2.2148251436626823e-09,-8.58013e-09,8.50338e-09,1.708351e-08,-0.03036568790829462,3.9208937697228627
-2.4012498484159576e-12,2.4009672574951515e-09,-1.03608e-08,1.05067e-08,2.0867499999999998e-08,-0.0033342351283283615,4.226944547138661
-7.650213749207519e-12,2.707976680766337e-09,-1.58377e-08,1.71941e-08,3.3031800000000003e-08,-0.06900852616572446,15.109433725590513
-2.399803010255124e-12,2.402443821412565e-09,-1.03578e-08,1.05053e-08,2.08631e-08,-0.003259354239432844,4.219139917469775
-2.4012498484159576e-12,2.4009672574951515e-09,-1.03608e-08,1.05067e-08,2.0867499999999998e-08,-0.0033342351283283615,4.226944547138661
-7.650213749207519e-12,2.707976680766337e-09,-1.58377e-08,1.71941e-08,3.3031800000000003e-08,-0.06900852616572446,15.109433725590513
-2.399803010255124e-12,2.402443821412565e-09,-1.03578e-08,1.05053e-08,2.08631e-08,-0.003259354239432844,4.219139917469775
-2.4012498484159576e-12,2.4009672574951515e-09,-1.03608e-08,1.05067e-08,2.0867499999999998e-08,-0.0033342351283283615,4.226944547138661
-7.650213749207519e-12,2.707976680766337e-09,-1.58377e-08,1.71941e-08,3.3031800000000003e-08,-0.06900852616572446,15.109433725590513
-2.399803010255124e-12,2.402443821412565e-09,-1.03578e-08,1.05053e-08,2.08631e-08,-0.003259354239432844,4.219139917469775
-2.4012498484159576e-12,2.4009672574951515e-09,-1.03608e-08,1.05067e-08,2.0867499999999998e-08,-0.0033342351283283615,4.226944547138661
-7.650213749207519e-12,2.707976680766337e-09,-1.58377e-08,1.71941e-08,3.3031800000000003e-08,-0.06900852616572446,15.109433725590513
-2.399803010255124e-12,2.402443821412565e-09,-1.03578e-08,1.05053e-08,2.08631e-08,-0.003259354239432844,4.219139917469775
-2.0524444920276355e-12,2.459668022623673e-09,-1.04417e-08,1.0941e-08,2.13827e-08,-0.001200871743542377,4.281104132906263
-8.730865929149254e-12,2.7284916681297018e-09,-1.51177e-08,1.63273e-08,3.1445e-08,-0.04556075858254245,12.628971793103485
-7.57359945409085e-12,2.58719654907467e-09,-1.04548e-08,1.09498e-08,2.14046e-08,-0.010335258698402787,4.297326729196697
-2.0524444920276355e-12,2.459668022623673e-09,-1.04417e-08,1.0941e-08,2.13827e-08,-0.001200871743542377,4.281104132906263
-8.730865929149254e-12,2.7284916681297018e-09,-1.51177e-08,1.63273e-08,3.1445e-08,-0.04556075858254245,12.628971793103485
-7.57359945409085e-12,2.58719654907467e-09,-1.04548e-08,1.09498e-08,2.14046e-08,-0.010335258698402787,4.297326729196697
-2.0524444920276355e-12,2.459668022623673e-09,-1.04417e-08,1.0941e-08,2.13827e-08,-0.001200871743542377,4.281104132906263
-8.730865929149254e-12,2.7284916681297018e-09,-1.51177e-08,1.63273e-08,3.1445e-08,-0.04556075858254245,12.628971793103485
-7.57359945409085e-12,2.58719654907467e-09,-1.04548e-08,1.09498e-08,2.14046e-08,-0.010335258698402787,4.297326729196697
-2.0524444920276355e-12,2.459668022623673e-09,-1.04417e-08,1.0941e-08,2.13827e-08,-0.001200871743542377,4.281104132906263
-8.730865929149254e-12,2.7284916681297018e-09,-1.51177e-08,1.63273e-08,3.1445e-08,-0.04556075858254245,12.628971793103485
-7.57359945409085e-12,2.58719654907467e-09,-1.04548e-08,1.09498e-08,2.14046e-08,-0.010335258698402787,4.297326729196697
-2.1469446557064383e-12,2.4617193111066834e-09,-1.04459e-08,1.09454e-08,2.13913e-08,-0.0005634176452299314,4.274238200810674
-8.661790605390954e-12,2.732073701647686e-09,-1.51518e-08,1.63646e-08,3.15164e-08,-0.04618414222583763,12.65129121065625
3.9836027306176235e-12,2.3068465050939878e-09,-9.41915e-09,9.68064e-09,1.9099789999999998e-08,0.005524489835946319,4.148309698639252
-2.1469446557064383e-12,2.4617193111066834e-09,-1.04459e-08,1.09454e-08,2.13913e-08,-0.0005634176452299314,4.274238200810674
-8.661790605390954e-12,2.732073701647686e-09,-1.51518e-08,1.63646e-08,3.15164e-08,-0.04618414222583763,12.65129121065625
3.9836027306176235e-12,2.3068465050939878e-09,-9.41915e-09,9.68064e-09,1.9099789999999998e-08,0.005524489835946319,4.148309698639252
-2.1469446557064383e-12,2.4617193111066834e-09,-1.04459e-08,1.09454e-08,2.13913e-08,-0.0005634176452299314,4.274238200810674
-8.661790605390954e-12,2.732073701647686e-09,-1.51518e-08,1.63646e-08,3.15164e-08,-0.04618414222583763,12.65129121065625
3.9836027306176235e-12,2.3068465050939878e-09,-9.41915e-09,9.68064e-09,1.9099789999999998e-08,0.005524489835946319,4.148309698639252
-2.1469446557064383e-12,2.4617193111066834e-09,-1.04459e-08,1.09454e-08,2.13913e-08,-0.0005634176452299314,4.274238200810674
-8.661790605390954e-12,2.732073701647686e-09,-1.51518e-08,1.63646e-08,3.15164e-08,-0.04618414222583763,12.65129121065625
3.9836027306176235e-12,2.3068465050939878e-09,-9.41915e-09,9.68064e-09,1.9099789999999998e-08,0.005524489835946319,4.148309698639252
-7.576893346126838e-12,2.587488945781587e-09,-1.04548e-08,1.09498e-08,2.14046e-08,-0.010242899016438607,4.2966899732463375
-8.74515915189551e-12,2.7327224102375516e-09,-1.51536e-08,1.63696e-08,3.1523199999999995e-08,-0.04542748269544433,12.657339073923277
-2.002924162858232e-12,2.459493764959095e-09,-1.04418e-08,1.09411e-08,2.13829e-08,-0.0012004293274574215,4.276895487177005
-7.576893346126838e-12,2.587488945781587e-09,-1.04548e-08,1.09498e-08,2.14046e-08,-0.010242899016438607,4.2966899732463375
-8.74515915189551e-12,2.7327224102375516e-09,-1.51536e-08,1.63696e-08,3.1523199999999995e-08,-0.04542748269544433,12.657339073923277
-2.002924162858232e-12,2.459493764959095e-09,-1.04418e-08,1.09411e-08,2.13829e-08,-0.0012004293274574215,4.276895487177005
-7.576893346126838e-12,2.587488945781587e-09,-1.04548e-08,1.09498e-08,2.14046e-08,-0.010242899016438607,4.2966899732463375
-8.74515915189551e-12,2.7327224102375516e-09,-1.51536e-08,1.63696e-08,3.1523199999999995e-08,-0.04542748269544433,12.657339073923277
-2.002924162858232e-12,2.459493764959095e-09,-1.04418e-08,1.09411e-08,2.13829e-08,-0.0012004293274574215,4.276895487177005
-7.576893346126838e-12,2.587488945781587e-09,-1.04548e-08,1.09498e-08,2.14046e-08,-0.010242899016438607,4.2966899732463375
-8.74515915189551e-12,2.7327224102375516e-09,-1.51536e-08,1.63696e-08,3.1523199999999995e-08,-0.04542748269544433,12.657339073923277
-2.002924162858232e-12,2.459493764959095e-09,-1.04418e-08,1.09411e-08,2.13829e-08,-0.0012004293274574215,4.276895487177005
3.982388989221705e-12,2.306817768105455e-09,-9.41904e-09,9.68047e-09,1.909951e-08,0.0055270766378479165,4.148268619708653
-8.660776510218525e-12,2.7320654819492587e-09,-1.51516e-08,1.63645e-08,3.15161e-08,-0.04617852755044682,12.651010932520323
-2.147291226031611e-12,2.4617559302615254e-09,-1.04459e-08,1.09454e-08,2.13913e-08,-0.0005602273264707895,4.274144249736257
3.982388989221705e-12,2.306817768105455e-09,-9.41904e-09,9.68047e-09,1.909951e-08,0.0055270766378479165,4.148268619708653
-8.660776510218525e-12,2.7320654819492587e-09,-1.51516e-08,1.63645e-08,3.15161e-08,-0.04617852755044682,12.651010932520323
-2.147291226031611e-12,2.4617559302615254e-09,-1.04459e-08,1.09454e-08,2.13913e-08,-0.0005602273264707895,4.274144249736257
3.982388989221705e-12,2.306817768105455e-09,-9.41904e-09,9.68047e-09,1.909951e-08,0.0055270766378479165,4.148268619708653
-8.660776510218525e-12,2.7320654819492587e-09,-1.51516e-08,1.63645e-08,3.15161e-08,-0.04617852755044682,12.651010932520323
-2.147291226031611e-12,2.4617559302615254e-09,-1.04459e-08,1.09454e-08,2.13913e-08,-0.0005602273264707895,4.274144249736257
3.982388989221705e-12,2.306817768105455e-09,-9.41904e-09,9.68047e-09,1.909951e-08,0.0055270766378479165,4.148268619708653
-8.660776510218525e-12,2.7320654819492587e-09,-1.51516e-08,1.63645e-08,3.15161e-08,-0.04617852755044682,12.651010932520323
-2.147291226031611e-12,2.4617559302615254e-09,-1.04459e-08,1.09454e-08,2.13913e-08,-0.0005602273264707895,4.274144249736257
-3.0935094773195614e-12,2.312799499307489e-09,-1.05556e-08,1.05019e-08,2.1057500000000002e-08,0.018087122367724244,6.814776621623192
6.347319942552385e-12,2.5414962431624345e-09,-1.72783e-08,1.6736e-08,3.40143e-08,-0.019591972016691675,21.231902681443593
-3.1176558844505214e-12,2.312511733262707e-09,-1.05543e-08,1.05004e-08,2.10547e-08,0.018139956008678303,6.814699352235408
-3.0935094773195614e-12,2.312799499307489e-09,-1.05556e-08,1.05019e-08,2.1057500000000002e-08,0.018087122367724244,6.814776621623192
6.347319942552385e-12,2.5414962431624345e-09,-1.72783e-08,1.6736e-08,3.40143e-08,-0.019591972016691675,21.231902681443593
-3.1176558844505214e-12,2.312511733262707e-09,-1.05543e-08,1.05004e-08,2.10547e-08,0.018139956008678303,6.814699352235408
-3.0935094773195614e-12,2.312799499307489e-09,-1.05556e-08,1.05019e-08,2.1057500000000002e-08,0.018087122367724244,6.814776621623192
6.347319942552385e-12,2.5414962431624345e-09,-1.72783e-08,1.6736e-08,3.40143e-08,-0.019591972016691675,21.231902681443593
-3.1176558844505214e-12,2.312511733262707e-09,-1.05543e-08,1.05004e-08,2.10547e-08,0.018139956008678303,6.814699352235408
-3.0935094773195614e-12,2.312799499307489e-09,-1.05556e-08,1.05019e-08,2.1057500000000002e-08,0.018087122367724244,6.814776621623192
6.347319942552385e-12,2.5414962431624345e-09,-1.72783e-08,1.6736e-08,3.40143e-08,-0.019591972016691675,21.231902681443593
-3.1176558844505214e-12,2.312511733262707e-09,-1.05543e-08,1.05004e-08,2.10547e-08,0.018139956008678303,6.814699352235408
-3.3223822897260742e-12,2.3370228630117487e-09,-1.04397e-08,1.03644e-08,2.0804099999999998e-08,0.017789418645994634,6.389002969156758
3.947297200546355e-12,1.6951425100601056e-09,-1.05619e-08,1.09727e-08,2.15346e-08,-0.006236228648353696,16.91401913203946
-6.3853213266031565e-12,2.2986492425307848e-09,-1.0509e-08,1.05186e-08,2.10276e-08,0.0220997987601585,6.925839603357005
-3.3223822897260742e-12,2.3370228630117487e-09,-1.04397e-08,1.03644e-08,2.0804099999999998e-08,0.017789418645994634,6.389002969156758
3.947297200546355e-12,1.6951425100601056e-09,-1.05619e-08,1.09727e-08,2.15346e-08,-0.006236228648353696,16.91401913203946
-6.3853213266031565e-12,2.2986492425307848e-09,-1.0509e-08,1.05186e-08,2.10276e-08,0.0220997987601585,6.925839603357005
-3.3223822897260742e-12,2.3370228630117487e-09,-1.04397e-08,1.03644e-08,2.0804099999999998e-08,0.017789418645994634,6.389002969156758
3.947297200546355e-12,1.6951425100601056e-09,-1.05619e-08,1.09727e-08,2.15346e-08,-0.006236228648353696,16.91401913203946
-6.3853213266031565e-12,2.2986492425307848e-09,-1.0509e-08,1.05186e-08,2.10276e-08,0.0220997987601585,6.925839603357005
-3.3223822897260742e-12,2.3370228630117487e-09,-1.04397e-08,1.03644e-08,2.0804099999999998e-08,0.017789418645994634,6.389002969156758
3.947297200546355e-12,1.6951425100601056e-09,-1.05619e-08,1.09727e-08,2.15346e-08,-0.006236228648353696,16.91401913203946
-6.3853213266031565e-12,2.2986492425307848e-09,-1.0509e-08,1.05186e-08,2.10276e-08,0.0220997987601585,6.925839603357005
-5.0992235465289666e-12,2.3087434182909795e-09,-1.04823e-08,1.04688e-08,2.09511e-08,0.022220356104900637,6.817096128467616
3.568318005503835e-12,1.92654765127557e-09,-1.2694e-08,1.28045e-08,2.54985e-08,-5.0077020386195094e-05,19.949774182096494
-6.556985689851647e-12,2.235103735631161e-09,-1.08926e-08,1.05562e-08,2.1448799999999998e-08,0.020919284569195076,7.652055060023704
-5.0992235465289666e-12,2.3087434182909795e-09,-1.04823e-08,1.04688e-08,2.09511e-08,0.022220356104900637,6.817096128467616
3.568318005503835e-12,1.92654765127557e-09,-1.2694e-08,1.28045e-08,2.54985e-08,-5.0077020386195094e-05,19.949774182096494
-6.556985689851647e-12,2.235103735631161e-09,-1.08926e-08,1.05562e-08,2.1448799999999998e-08,0.020919284569195076,7.652055060023704
-5.0992235465289666e-12,2.3087434182909795e-09,-1.04823e-08,1.04688e-08,2.09511e-08,0.022220356104900637,6.817096128467616
3.568318005503835e-12,1.92654765127557e-09,-1.2694e-08,1.28045e-08,2.54985e-08,-5.0077020386195094e-05,19.949774182096494
-6.556985689851647e-12,2.235103735631161e-09,-1.08926e-08,1.05562e-08,2.1448799999999998e-08,0.020919284569195076,7.652055060023704
-5.0992235465289666e-12,2.3087434182909795e-09,-1.04823e-08,1.04688e-08,2.09511e-08,0.022220356104900637,6.817096128467616
3.568318005503835e-12,1.92654765127557e-09,-1.2694e-08,1.28045e-08,2.54985e-08,-5.0077020386195094e-05,19.949774182096494
-6.556985689851647e-12,2.235103735631161e-09,-1.08926e-08,1.05562e-08,2.1448799999999998e-08,0.020919284569195076,7.652055060023704
-6.392727120005336e-12,2.2981325987921788e-09,-1.0507e-08,1.05182e-08,2.10252e-08,0.022084337375907336,6.923409760383619
3.955963543102757e-12,1.6961122458378912e-09,-1.05659e-08,1.0981e-08,2.15469e-08,-0.0064393615620199005,16.9144367503928
-3.2969420462738747e-12,2.3381263760058824e-09,-1.04451e-08,1.03694e-08,2.08145e-08,0.017723112738156983,6.389293499252949
-6.392727120005336e-12,2.2981325987921788e-09,-1.0507e-08,1.05182e-08,2.10252e-08,0.022084337375907336,6.923409760383619
3.955963543102757e-12,1.6961122458378912e-09,-1.05659e-08,1.0981e-08,2.15469e-08,-0.0064393615620199005,16.9144367503928
-3.2969420462738747e-12,2.3381263760058824e-09,-1.04451e-08,1.03694e-08,2.08145e-08,0.017723112738156983,6.389293499252949
-6.392727120005336e-12,2.2981325987921788e-09,-1.0507e-08,1.05182e-08,2.10252e-08,0.022084337375907336,6.923409760383619
3.955963543102757e-12,1.6961122458378912e-09,-1.05659e-08,1.0981e-08,2.15469e-08,-0.0064393615620199005,16.9144367503928
-3.2969420462738747e-12,2.3381263760058824e-09,-1.04451e-08,1.03694e-08,2.08145e-08,0.017723112738156983,6.389293499252949
-6.392727120005336e-12,2.2981325987921788e-09,-1.0507e-08,1.05182e-08,2.10252e-08,0.022084337375907336,6.923409760383619
3.955963543102757e-12,1.6961122458378912e-09,-1.05659e-08,1.0981e-08,2.15469e-08,-0.0064393615620199005,16.9144367503928
-3.2969420462738747e-12,2.3381263760058824e-09,-1.04451e-08,1.03694e-08,2.08145e-08,0.017723112738156983,6.389293499252949
-1.5768919334371044e-12,2.489447083794892e-09,-1.1054e-08,1.10759e-08,2.21299e-08,0.01852796975444067,6.756913329906883
3.9518830545775614e-12,1.694137584669085e-09,-1.05498e-08,1.09652e-08,2.1514999999999998e-08,-0.006415315244056055,16.896142729292166
-3.3282476012440484e-12,2.3372284458728486e-09,-1.04381e-08,1.03626e-08,2.08007e-08,0.017783627946911955,6.383005165891031
-1.5768919334371044e-12,2.489447083794892e-09,-1.1054e-08,1.10759e-08,2.21299e-08,0.01852796975444067,6.756913329906883
3.9518830545775614e-12,1.694137584669085e-09,-1.05498e-08,1.09652e-08,2.1514999999999998e-08,-0.006415315244056055,16.896142729292166
-3.3282476012440484e-12,2.3372284458728486e-09,-1.04381e-08,1.03626e-08,2.08007e-08,0.017783627946911955,6.383005165891031
-1.5768919334371044e-12,2.489447083794892e-09,-1.1054e-08,1.10759e-08,2.21299e-08,0.01852796975444067,6.756913329906883
3.9518830545775614e-12,1.694137584669085e-09,-1.05498e-08,1.09652e-08,2.1514999999999998e-08,-0.006415315244056055,16.896142729292166
-3.3282476012440484e-12,2.3372284458728486e-09,-1.04381e-08,1.03626e-08,2.08007e-08,0.017783627946911955,6.383005165891031
-1.5768919334371044e-12,2.489447083794892e-09,-1.1054e-08,1.10759e-08,2.21299e-08,0.01852796975444067,6.756913329906883
3.9518830545775614e-12,1.694137584669085e-09,-1.05498e-08,1.09652e-08,2.1514999999999998e-08,-0.006415315244056055,16.896142729292166
-3.3282476012440484e-12,2.3372284458728486e-09,-1.04381e-08,1.03626e-08,2.08007e-08,0.017783627946911955,6.383005165891031
2.7510718298993093e-12,2.105721398846763e-09,-8.77415e-09,8.60117e-09,1.7375319999999998e-08,-0.0442381884193026,4.401011103946374
2.6252637794527158e-14,2.4808807219518796e-09,-1.67412e-08,1.50813e-08,3.18225e-08,0.03583444661776309,19.687066709237726
2.723839635364159e-12,2.1060094392579886e-09,-8.78445e-09,8.60452e-09,1.738897e-08,-0.0442801733034413,4.406698469388258
2.7510718298993093e-12,2.105721398846763e-09,-8.77415e-09,8.60117e-09,1.7375319999999998e-08,-0.0442381884193026,4.401011103946374
2.6252637794527158e-14,2.4808807219518796e-09,-1.67412e-08,1.50813e-08,3.18225e-08,0.03583444661776309,19.687066709237726
2.723839635364159e-12,2.1060094392579886e-09,-8.78445e-09,8.60452e-09,1.738897e-08,-0.0442801733034413,4.406698469388258
2.7510718298993093e-12,2.105721398846763e-09,-8.77415e-09,8.60117e-09,1.7375319999999998e-08,-0.0442381884193026,4.401011103946374
2.6252637794527158e-14,2.4808807219518796e-09,-1.67412e-08,1.50813e-08,3.18225e-08,0.03583444661776309,19.687066709237726
2.723839635364159e-12,2.1060094392579886e-09,-8.78445e-09,8.60452e-09,1.738897e-08,-0.0442801733034413,4.406698469388258
2.7510718298993093e-12,2.105721398846763e-09,-8.77415e-09,8.60117e-09,1.7375319999999998e-08,-0.0442381884193026,4.401011103946374
2.6252637794527158e-14,2.4808807219518796e-09,-1.67412e-08,1.50813e-08,3.18225e-08,0.03583444661776309,19.687066709237726
2.723839635364159e-12,2.1060094392579886e-09,-8.78445e-09,8.60452e-09,1.738897e-08,-0.0442801733034413,4.406698469388258
1.1704748462271989e-12,2.0185675105209867e-09,-8.08346e-09,8.06698e-09,1.615044e-08,-0.04911432476465341,4.2220906465058885
-7.707882706160706e-13,2.055055086441135e-09,-1.29275e-08,1.19972e-08,2.49247e-08,0.06014797444914371,14.937681962288515
1.916515183314846e-12,2.1369211211627927e-09,-8.80181e-09,8.51471e-09,1.731652e-08,-0.0438270773765656,4.064970269522952
1.1704748462271989e-12,2.0185675105209867e-09,-8.08346e-09,8.06698e-09,1.615044e-08,-0.04911432476465341,4.2220906465058885
-7.707882706160706e-13,2.055055086441135e-09,-1.29275e-08,1.19972e-08,2.49247e-08,0.06014797444914371,14.937681962288515
1.916515183314846e-12,2.1369211211627927e-09,-8.80181e-09,8.51471e-09,1.731652e-08,-0.0438270773765656,4.064970269522952
1.1704748462271989e-12,2.0185675105209867e-09,-8.08346e-09,8.06698e-09,1.615044e-08,-0.04911432476465341,4.2220906465058885
-7.707882706160706e-13,2.055055086441135e-09,-1.29275e-08,1.19972e-08,2.49247e-08,0.06014797444914371,14.937681962288515
1.916515183314846e-12,2.1369211211627927e-09,-8.80181e-09,8.51471e-09,1.731652e-08,-0.0438270773765656,4.064970269522952
1.1704748462271989e-12,2.0185675105209867e-09,-8.08346e-09,8.06698e-09,1.615044e-08,-0.04911432476465341,4.2220906465058885
-7.707882706160706e-13,2.055055086441135e-09,-1.29275e-08,1.19972e-08,2.49247e-08,0.06014797444914371,14.937681962288515
1.916515183314846e-12,2.1369211211627927e-09,-8.80181e-09,8.51471e-09,1.731652e-08,-0.0438270773765656,4.064970269522952
1.0195971147710346e-12,2.016689937919656e-09,-8.08079e-09,8.06496e-09,1.614575e-08,-0.0489429500386831,4.225810971222964
-7.304561510496924e-13,2.0499323194115517e-09,-1.28984e-08,1.19765e-08,2.4874899999999997e-08,0.05999077582982331,14.944506722286445
-2.3177062472564286e-12,2.195776577634133e-09,-9.4683e-09,8.65335e-09,1.8121650000000003e-08,-0.0334001884974024,4.111519619910935
1.0195971147710346e-12,2.016689937919656e-09,-8.08079e-09,8.06496e-09,1.614575e-08,-0.0489429500386831,4.225810971222964
-7.304561510496924e-13,2.0499323194115517e-09,-1.28984e-08,1.19765e-08,2.4874899999999997e-08,0.05999077582982331,14.944506722286445
-2.3177062472564286e-12,2.195776577634133e-09,-9.4683e-09,8.65335e-09,1.8121650000000003e-08,-0.0334001884974024,4.111519619910935
1.0195971147710346e-12,2.016689937919656e-09,-8.08079e-09,8.06496e-09,1.614575e-08,-0.0489429500386831,4.225810971222964
-7.304561510496924e-13,2.0499323194115517e-09,-1.28984e-08,1.19765e-08,2.4874899999999997e-08,0.05999077582982331,14.944506722286445
-2.3177062472564286e-12,2.195776577634133e-09,-9.4683e-09,8.65335e-09,1.8121650000000003e-08,-0.0334001884974024,4.111519619910935
1.0195971147710346e-12,2.016689937919656e-09,-8.08079e-09,8.06496e-09,1.614575e-08,-0.0489429500386831,4.225810971222964
-7.304561510496924e-13,2.0499323194115517e-09,-1.28984e-08,1.19765e-08,2.4874899999999997e-08,0.05999077582982331,14.944506722286445
-2.3177062472564286e-12,2.195776577634133e-09,-9.4683e-09,8.65335e-09,1.8121650000000003e-08,-0.0334001884974024,4.111519619910935
1.7941543355974223e-12,2.1372210163830463e-09,-8.80205e-09,8.51325e-09,1.73153e-08,-0.043539633592534585,4.063177626789402
-7.642552605556952e-13,2.048654286736996e-09,-1.28915e-08,1.19743e-08,2.48658e-08,0.06022736321327911,14.960942302068219
1.1362797315987402e-12,2.0186089572140998e-09,-8.10465e-09,8.08225e-09,1.61869e-08,-0.0494568918852233,4.220999112941878
1.7941543355974223e-12,2.1372210163830463e-09,-8.80205e-09,8.51325e-09,1.73153e-08,-0.043539633592534585,4.063177626789402
-7.642552605556952e-13,2.048654286736996e-09,-1.28915e-08,1.19743e-08,2.48658e-08,0.06022736321327911,14.960942302068219
1.1362797315987402e-12,2.0186089572140998e-09,-8.10465e-09,8.08225e-09,1.61869e-08,-0.0494568918852233,4.220999112941878
1.7941543355974223e-12,2.1372210163830463e-09,-8.80205e-09,8.51325e-09,1.73153e-08,-0.043539633592534585,4.063177626789402
-7.642552605556952e-13,2.048654286736996e-09,-1.28915e-08,1.19743e-08,2.48658e-08,0.06022736321327911,14.960942302068219
1.1362797315987402e-12,2.0186089572140998e-09,-8.10465e-09,8.08225e-09,1.61869e-08,-0.0494568918852233,4.220999112941878
1.7941543355974223e-12,2.1372210163830463e-09,-8.80205e-09,8.51325e-09,1.73153e-08,-0.043539633592534585,4.063177626789402
-7.642552605556952e-13,2.048654286736996e-09,-1.28915e-08,1.19743e-08,2.48658e-08,0.06022736321327911,14.960942302068219
1.1362797315987402e-12,2.0186089572140998e-09,-8.10465e-09,8.08225e-09,1.61869e-08,-0.0494568918852233,4.220999112941878
-2.3213069219535328e-12,2.1933020563724035e-09,-9.44512e-09,8.64406e-09,1.8089180000000002e-08,-0.03354219288613051,4.116761463886327
-7.350457939475325e-13,2.050053401645011e-09,-1.29039e-08,1.19813e-08,2.48852e-08,0.060041915369565775,14.964034051593234
1.0045872824818005e-12,2.0173513849519682e-09,-8.09221e-09,8.07599e-09,1.61682e-08,-0.049043395620014724,4.2244624747723005
-2.3213069219535328e-12,2.1933020563724035e-09,-9.44512e-09,8.64406e-09,1.8089180000000002e-08,-0.03354219288613051,4.116761463886327
-7.350457939475325e-13,2.050053401645011e-09,-1.29039e-08,1.19813e-08,2.48852e-08,0.060041915369565775,14.964034051593234
1.0045872824818005e-12,2.0173513849519682e-09,-8.09221e-09,8.07599e-09,1.61682e-08,-0.049043395620014724,4.2244624747723005
-2.3213069219535328e-12,2.1933020563724035e-09,-9.44512e-09,8.64406e-09,1.8089180000000002e-08,-0.03354219288613051,4.116761463886327
-7.350457939475325e-13,2.050053401645011e-09,-1.29039e-08,1.19813e-08,2.48852e-08,0.060041915369565775,14.964034051593234
1.0045872824818005e-12,2.0173513849519682e-09,-8.09221e-09,8.07599e-09,1.61682e-08,-0.049043395620014724,4.2244624747723005
-2.3213069219535328e-12,2.1933020563724035e-09,-9.44512e-09,8.64406e-09,1.8089180000000002e-08,-0.03354219288613051,4.116761463886327
-7.350457939475325e-13,2.050053401645011e-09,-1.29039e-08,1.19813e-08,2.48852e-08,0.060041915369565775,14.964034051593234
1.0045872824818005e-12,2.0173513849519682e-09,-8.09221e-09,8.07599e-09,1.61682e-08,-0.049043395620014724,4.2244624747723005
7.892706047356184e-13,2.885657216627965e-09,-1.19584e-08,1.21081e-08,2.40665e-08,-0.001651070657572166,4.836870509001836
-7.536665096637788e-12,2.5687434443417436e-09,-1.42848e-08,1.58089e-08,3.00937e-08,-0.07561925816852151,13.498654094227795
7.519071570559091e-13,2.888816370026841e-09,-1.198e-08,1.21118e-08,2.40918e-08,-0.001596474964971135,4.835858797549617
7.892706047356184e-13,2.885657216627965e-09,-1.19584e-08,1.21081e-08,2.40665e-08,-0.001651070657572166,4.836870509001836
-7.536665096637788e-12,2.5687434443417436e-09,-1.42848e-08,1.58089e-08,3.00937e-08,-0.07561925816852151,13.498654094227795
7.519071570559091e-13,2.888816370026841e-09,-1.198e-08,1.21118e-08,2.40918e-08,-0.001596474964971135,4.835858797549617
7.892706047356184e-13,2.885657216627965e-09,-1.19584e-08,1.21081e-08,2.40665e-08,-0.001651070657572166,4.836870509001836
-7.536665096637788e-12,2.5687434443417436e-09,-1.42848e-08,1.58089e-08,3.00937e-08,-0.07561925816852151,13.498654094227795
7.519071570559091e-13,2.888816370026841e-09,-1.198e-08,1.21118e-08,2.40918e-08,-0.001596474964971135,4.835858797549617
7.892706047356184e-13,2.885657216627965e-09,-1.19584e-08,1.21081e-08,2.40665e-08,-0.001651070657572166,4.836870509001836
-7.536665096637788e-12,2.5687434443417436e-09,-1.42848e-08,1.58089e-08,3.00937e-08,-0.07561925816852151,13.498654094227795
7.519071570559091e-13,2.888816370026841e-09,-1.198e-08,1.21118e-08,2.40918e-08,-0.001596474964971135,4.835858797549617
-1.2665416458484036e-12,2.4346892253429894e-09,-1.04925e-08,1.09808e-08,2.14733e-08,-0.003782067059154063,4.128105276711629
-8.494536242077637e-12,2.7378127695341313e-09,-1.57238e-08,1.69858e-08,3.27096e-08,-0.0397118327593229,14.142241471967239
-3.3545633744507385e-12,2.6061997077876965e-09,-1.04539e-08,1.09446e-08,2.1398499999999998e-08,-0.006585930529125525,3.7884403753160285
-1.2665416458484036e-12,2.4346892253429894e-09,-1.04925e-08,1.09808e-08,2.14733e-08,-0.003782067059154063,4.128105276711629
-8.494536242077637e-12,2.7378127695341313e-09,-1.57238e-08,1.69858e-08,3.27096e-08,-0.0397118327593229,14.142241471967239
-3.3545633744507385e-12,2.6061997077876965e-09,-1.04539e-08,1.09446e-08,2.1398499999999998e-08,-0.006585930529125525,3.7884403753160285
-1.2665416458484036e-12,2.4346892253429894e-09,-1.04925e-08,1.09808e-08,2.14733e-08,-0.003782067059154063,4.128105276711629
-8.494536242077637e-12,2.7378127695341313e-09,-1.57238e-08,1.69858e-08,3.27096e-08,-0.0397118327593229,14.142241471967239
-3.3545633744507385e-12,2.6061997077876965e-09,-1.04539e-08,1.09446e-08,2.1398499999999998e-08,-0.006585930529125525,3.7884403753160285
-1.2665416458484036e-12,2.4346892253429894e-09,-1.04925e-08,1.09808e-08,2.14733e-08,-0.003782067059154063,4.128105276711629
-8.494536242077637e-12,2.7378127695341313e-09,-1.57238e-08,1.69858e-08,3.27096e-08,-0.0397118327593229,14.142241471967239
-3.3545633744507385e-12,2.6061997077876965e-09,-1.04539e-08,1.09446e-08,2.1398499999999998e-08,-0.006585930529125525,3.7884403753160285
-1.4475345938581708e-12,2.4319749837558935e-09,-1.0494e-08,1.09823e-08,2.14763e-08,-0.0031355624377473624,4.138033542018457
-8.376754695175923e-12,2.7353985361783602e-09,-1.57061e-08,1.696e-08,3.26661e-08,-0.0447061065394298,14.122622322207008
-9.09790563219406e-13,2.3383285116655864e-09,-1.0975e-08,1.15025e-08,2.24775e-08,-0.017163097149523455,5.948032819516172
-1.4475345938581708e-12,2.4319749837558935e-09,-1.0494e-08,1.09823e-08,2.14763e-08,-0.0031355624377473624,4.138033542018457
-8.376754695175923e-12,2.7353985361783602e-09,-1.57061e-08,1.696e-08,3.26661e-08,-0.0447061065394298,14.122622322207008
-9.09790563219406e-13,2.3383285116655864e-09,-1.0975e-08,1.15025e-08,2.24775e-08,-0.017163097149523455,5.948032819516172
-1.4475345938581708e-12,2.4319749837558935e-09,-1.0494e-08,1.09823e-08,2.14763e-08,-0.0031355624377473624,4.138033542018457
-8.376754695175923e-12,2.7353985361783602e-09,-1.57061e-08,1.696e-08,3.26661e-08,-0.0447061065394298,14.122622322207008
-9.09790563219406e-13,2.3383285116655864e-09,-1.0975e-08,1.15025e-08,2.24775e-08,-0.017163097149523455,5.948032819516172
-1.4475345938581708e-12,2.4319749837558935e-09,-1.0494e-08,1.09823e-08,2.14763e-08,-0.0031355624377473624,4.138033542018457
-8.376754695175923e-12,2.7353985361783602e-09,-1.57061e-08,1.696e-08,3.26661e-08,-0.0447061065394298,14.122622322207008
-9.09790563219406e-13,2.3383285116655864e-09,-1.0975e-08,1.15025e-08,2.24775e-08,-0.017163097149523455,5.948032819516172
-3.358199416103512e-12,2.6081378167113134e-09,-1.04539e-08,1.09446e-08,2.1398499999999998e-08,-0.006721799652405972,3.783137445162877
-8.493491954054111e-12,2.7444024143244162e-09,-1.57684e-08,1.70258e-08,3.27942e-08,-0.039836428513880126,14.132852395275709
-1.2499324738943727e-12,2.4444043173371896e-09,-1.04929e-08,1.09811e-08,2.1473999999999998e-08,-0.0031019328175846575,4.098289420270797
-3.358199416103512e-12,2.6081378167113134e-09,-1.04539e-08,1.09446e-08,2.1398499999999998e-08,-0.006721799652405972,3.783137445162877
-8.493491954054111e-12,2.7444024143244162e-09,-1.57684e-08,1.70258e-08,3.27942e-08,-0.039836428513880126,14.132852395275709
-1.2499324738943727e-12,2.4444043173371896e-09,-1.04929e-08,1.09811e-08,2.1473999999999998e-08,-0.0031019328175846575,4.098289420270797
-3.358199416103512e-12,2.6081378167113134e-09,-1.04539e-08,1.09446e-08,2.1398499999999998e-08,-0.006721799652405972,3.783137445162877
-8.493491954054111e-12,2.7444024143244162e-09,-1.57684e-08,1.70258e-08,3.27942e-08,-0.039836428513880126,14.132852395275709
-1.2499324738943727e-12,2.4444043173371896e-09,-1.04929e-08,1.09811e-08,2.1473999999999998e-08,-0.0031019328175846575,4.098289420270797
-3.358199416103512e-12,2.6081378167113134e-09,-1.04539e-08,1.09446e-08,2.1398499999999998e-08,-0.006721799652405972,3.783137445162877
-8.493491954054111e-12,2.7444024143244162e-09,-1.57684e-08,1.70258e-08,3.27942e-08,-0.039836428513880126,14.132852395275709
-1.2499324738943727e-12,2.4444043173371896e-09,-1.04929e-08,1.09811e-08,2.1473999999999998e-08,-0.0031019328175846575,4.098289420270797
-8.755427734878289e-13,2.3463426010881524e-09,-1.10383e-08,1.15822e-08,2.26205e-08,-0.017494199631264206,6.030536173252639
-8.384476117082076e-12,2.7396564601731256e-09,-1.57426e-08,1.69915e-08,3.27341e-08,-0.04480879901376018,14.139245296017997
-1.4330434867117e-12,2.4376492528987816e-09,-1.0494e-08,1.09825e-08,2.14765e-08,-0.0027675831438795516,4.12390268541963
-8.755427734878289e-13,2.3463426010881524e-09,-1.10383e-08,1.15822e-08,2.26205e-08,-0.017494199631264206,6.030536173252639
-8.384476117082076e-12,2.7396564601731256e-09,-1.57426e-08,1.69915e-08,3.27341e-08,-0.04480879901376018,14.139245296017997
-1.4330434867117e-12,2.4376492528987816e-09,-1.0494e-08,1.09825e-08,2.14765e-08,-0.0027675831438795516,4.12390268541963
-8.755427734878289e-13,2.3463426010881524e-09,-1.10383e-08,1.15822e-08,2.26205e-08,-0.017494199631264206,6.030536173252639
-8.384476117082076e-12,2.7396564601731256e-09,-1.57426e-08,1.69915e-08,3.27341e-08,-0.04480879901376018,14.139245296017997
-1.4330434867117e-12,2.4376492528987816e-09,-1.0494e-08,1.09825e-08,2.14765e-08,-0.0027675831438795516,4.12390268541963
-8.755427734878289e-13,2.3463426010881524e-09,-1.10383e-08,1.15822e-08,2.26205e-08,-0.017494199631264206,6.030536173252639
-8.384476117082076e-12,2.7396564601731256e-09,-1.57426e-08,1.69915e-08,3.27341e-08,-0.04480879901376018,14.139245296017997
-1.4330434867117e-12,2.4376492528987816e-09,-1.0494e-08,1.09825e-08,2.14765e-08,-0.0027675831438795516,4.12390268541963
